epoch;acc;loss;val_acc;val_loss
0;0.0077212020033388985;0.09324940426266165;0.12121212121212122;0.020142197917444555
1;0.0080550918196995;0.08398238048585396;0.12121212121212122;0.027382973452225772
2;0.007595993322203673;0.08495420969234571;0.12121212121212122;0.020888828879541403
3;0.00813856427378965;0.08768765223559312;0.12121212121212122;0.020463178944959387
4;0.007888146911519199;0.08563188905971957;0.12121212121212122;0.027573987881073354
